{"cameraMode":{"drawMode":0,"name":"Shaded","section":"Shading Mode"},"sceneLighting":true,"audioPlay":false,"sceneViewState":{"m_AlwaysRefresh":false,"showFog":true,"showSkybox":true,"showFlares":true,"showImageEffects":true,"showParticleSystems":true,"showVisualEffectGraphs":true,"m_FxEnabled":true},"in2DMode":false,"pivot":{"x":-104.84712982177735,"y":4.945425033569336,"z":-219.77833557128907},"rotation":{"x":0.001536477473564446,"y":-0.9917927980422974,"z":0.011901156045496464,"w":0.12744192779064179},"size":166.05775451660157,"orthographic":false}